pitt:31735056290277,pitt:collection.241,
pitt:00acb4439m,pitt:collection.241,
pitt:00afs4564m,pitt:collection.241,
pitt:31735051650418,pitt:collection.241,
pitt:31735051650426,pitt:collection.241,
pitt:31735056290830,pitt:collection.241,
pitt:31735056290889,pitt:collection.241,
pitt:31735045859448,pitt:collection.241,
pitt:03a693686m,pitt:collection.241,
pitt:01a693686m,pitt:collection.241,
pitt:04a693686m,pitt:collection.241,
pitt:02a693686m,pitt:collection.241,
pitt:31735051653073,pitt:collection.241,
pitt:31735056287075,pitt:collection.241,
pitt:31735027612708,pitt:collection.241,
pitt:31735051652232,pitt:collection.241,
pitt:00avt3223m,pitt:collection.241,
pitt:31735056290871,pitt:collection.241,
pitt:31735064533072,pitt:collection.241,
pitt:31735051653396,pitt:collection.241,
pitt:31735051651481,pitt:collection.241,
pitt:31735051651838,pitt:collection.241,
pitt:00aep1677m,pitt:collection.241,
pitt:31735051650202,pitt:collection.241,
pitt:31735056290376,pitt:collection.241,
pitt:31735056290517,pitt:collection.241,
pitt:31735056290434,pitt:collection.241,
pitt:31735056291069,pitt:collection.241,
pitt:31735051649691,pitt:collection.241,
pitt:00awk9201m,pitt:collection.241,
pitt:31735051651473,pitt:collection.241,
pitt:31735051651739,pitt:collection.241,
pitt:31735051652083,pitt:collection.241,
pitt:31735051653347,pitt:collection.241,
pitt:00agg3793m,pitt:collection.241,
pitt:00hc03822m,pitt:collection.241,
pitt:00aa57263m,pitt:collection.241,
pitt:31735051650053,pitt:collection.241,
pitt:31735051653388,pitt:collection.241,
pitt:00aee9541m,pitt:collection.241,
pitt:00awn8173m,pitt:collection.241,
pitt:00aee8266m,pitt:collection.241,
pitt:00aee8946m,pitt:collection.241,
pitt:00aee9181m,pitt:collection.241,
pitt:00adg8023m,pitt:collection.241,
pitt:00agc4747m,pitt:collection.241,
pitt:31735056286705,pitt:collection.241,
pitt:00ace8344m,pitt:collection.241,
pitt:00hc03829m,pitt:collection.241,
pitt:31735051649899,pitt:collection.241,
pitt:31735051650012,pitt:collection.241,
pitt:00awg8616m,pitt:collection.241,
pitt:00awk9209m,pitt:collection.241,
pitt:02aee7995m,pitt:collection.241,
pitt:01aee7995m,pitt:collection.241,
pitt:04aee7995m,pitt:collection.241,
pitt:03aee7995m,pitt:collection.241,
pitt:31735056290814,pitt:collection.241,
pitt:31735051649733,pitt:collection.241,
pitt:31735056290137,pitt:collection.241,
pitt:31735037843186,pitt:collection.241,
pitt:47acu6029s,pitt:collection.241,
pitt:31735037843582,pitt:collection.241,
pitt:31735051650897,pitt:collection.241,
pitt:31735037843228,pitt:collection.241,
pitt:31735051650277,pitt:collection.241,
pitt:31735037843095,pitt:collection.241,
pitt:31735037843145,pitt:collection.241,
pitt:31735051650319,pitt:collection.241,
pitt:31735037843301,pitt:collection.241,
pitt:31735037843509,pitt:collection.241,
pitt:31735051650772,pitt:collection.241,
pitt:31735051650699,pitt:collection.241,
pitt:31735037843624,pitt:collection.241,
pitt:31735037843384,pitt:collection.241,
pitt:31735037843103,pitt:collection.241,
pitt:48acu6029s,pitt:collection.241,
pitt:31735037843541,pitt:collection.241,
pitt:31735037843269,pitt:collection.241,
pitt:31735051650533,pitt:collection.241,
pitt:31735051650657,pitt:collection.241,
pitt:31735037843665,pitt:collection.241,
pitt:31735037843012,pitt:collection.241,
pitt:31735037843426,pitt:collection.241,
pitt:31735051650814,pitt:collection.241,
pitt:31735037843053,pitt:collection.241,
pitt:31735051650574,pitt:collection.241,
pitt:31735051650616,pitt:collection.241,
pitt:31735051650939,pitt:collection.241,
pitt:31735037843343,pitt:collection.241,
pitt:31735051650855,pitt:collection.241,
pitt:31735051650731,pitt:collection.241,
pitt:31735037843467,pitt:collection.241,
pitt:45atf7615s,pitt:collection.241,
pitt:31735051651036,pitt:collection.241,
pitt:31735051651077,pitt:collection.241,
pitt:31735056290418,pitt:collection.241,
pitt:31735056287992,pitt:collection.241,
pitt:58ajz8393s,pitt:collection.241,
pitt:01awk9102s,pitt:collection.241,
pitt:17ajl2379s,pitt:collection.241,
pitt:13ajl2379s,pitt:collection.241,
pitt:16akg5112s,pitt:collection.241,
pitt:06akg5112s,pitt:collection.241,
pitt:31735056290665,pitt:collection.241,
pitt:31735056290939,pitt:collection.241,
pitt:07agd6695s,pitt:collection.241,
pitt:31735051650756,pitt:collection.241,
pitt:31735051650798,pitt:collection.241,
pitt:31735051650673,pitt:collection.241,
pitt:31735051650715,pitt:collection.241,
pitt:00hc17179m,pitt:collection.241,
pitt:31735056288321,pitt:collection.241,
pitt:31735056288180,pitt:collection.241,
pitt:31735056290269,pitt:collection.241,
pitt:31735056290228,pitt:collection.241,
pitt:00hc12653m,pitt:collection.241,
pitt:31735056289840,pitt:collection.241,
pitt:31735056289956,pitt:collection.241,
pitt:31735056290087,pitt:collection.241,
pitt:31735056289964,pitt:collection.241,
pitt:31735056290004,pitt:collection.241,
pitt:31735056289881,pitt:collection.241,
pitt:31735056289998,pitt:collection.241,
pitt:31735056289873,pitt:collection.241,
pitt:31735056290046,pitt:collection.241,
pitt:31735056289386,pitt:collection.241,
pitt:31735056289832,pitt:collection.241,
pitt:31735056289915,pitt:collection.241,
pitt:00akj4101m,pitt:collection.241,
pitt:00acb8709m,pitt:collection.241,
pitt:00acg4744m,pitt:collection.241,
pitt:00aee8620m,pitt:collection.241,
pitt:00awk9211m,pitt:collection.241,
pitt:31735056290392,pitt:collection.241,
pitt:00a930422m,pitt:collection.241,
pitt:31735056290616,pitt:collection.241,
pitt:31735056290335,pitt:collection.241,
pitt:31735051649964,pitt:collection.241,
pitt:31735056288396,pitt:collection.241,
pitt:31735056288354,pitt:collection.241,
pitt:31735051649923,pitt:collection.241,
pitt:31735056290327,pitt:collection.241,
pitt:31735051650376,pitt:collection.241,
pitt:00c867681m,pitt:collection.241,
pitt:31735051653271,pitt:collection.241,
pitt:00acf1015m,pitt:collection.241,
pitt:31735056288230,pitt:collection.241,
pitt:31735051653545,pitt:collection.241,
pitt:31735051653503,pitt:collection.241,
pitt:31735051653461,pitt:collection.241,
pitt:31735051650368,pitt:collection.241,
pitt:00ade1319m,pitt:collection.241,
pitt:31735056290095,pitt:collection.241,
pitt:00adg7208m,pitt:collection.241,
pitt:00agd9079m,pitt:collection.241,
pitt:31735056290897,pitt:collection.241,
pitt:31735051651416,pitt:collection.241,
pitt:00afu6337m,pitt:collection.241,
pitt:31735056290582,pitt:collection.241,
pitt:31735051653222,pitt:collection.241,
pitt:31735056290640,pitt:collection.241,
pitt:00adc2654m,pitt:collection.241,
pitt:31735056290012,pitt:collection.241,
pitt:00agc4810m,pitt:collection.241,
pitt:31735056286663,pitt:collection.241,
pitt:31735051650111,pitt:collection.241,
pitt:00afv0572m,pitt:collection.241,
pitt:31735051649857,pitt:collection.241,
pitt:31735051652372,pitt:collection.241,
pitt:00awn7884m,pitt:collection.241,
pitt:20aht0675s,pitt:collection.241,
pitt:31735064533312,pitt:collection.241,
pitt:31735051653065,pitt:collection.241,
pitt:31735056290822,pitt:collection.241,
pitt:00aee8851m,pitt:collection.241,
pitt:00hc07504m,pitt:collection.241,
pitt:31735056291036,pitt:collection.241,
pitt:31735056290350,pitt:collection.241,
pitt:00c679538m,pitt:collection.241,
pitt:31735051650434,pitt:collection.241,
pitt:31735056290475,pitt:collection.241,
pitt:31735056288032,pitt:collection.241,
pitt:31735056288529,pitt:collection.241,
pitt:01d085610s,pitt:collection.241,
pitt:01d085629s,pitt:collection.241,
pitt:00c828235m,pitt:collection.241,
pitt:31735051653263,pitt:collection.241,
pitt:00adc2815m,pitt:collection.241,
pitt:31735056290863,pitt:collection.241,
pitt:31735051651200,pitt:collection.241,
pitt:00awn7781m,pitt:collection.241,
pitt:00adc3671m,pitt:collection.241,
pitt:00z824874m,pitt:collection.241,
pitt:31735064533197,pitt:collection.241,
pitt:00awn7801m,pitt:collection.241,
pitt:31735056287919,pitt:collection.241,
pitt:31735056288040,pitt:collection.241,
pitt:31735033432570,pitt:collection.241,
pitt:31735051652190,pitt:collection.241,
pitt:31735056290566,pitt:collection.241,
pitt:00agb4058m,pitt:collection.241,
pitt:03awn7797m,pitt:collection.241,
pitt:01awn7797m,pitt:collection.241,
pitt:04awn7797m,pitt:collection.241,
pitt:02awn7797m,pitt:collection.241,
pitt:31735060396227,pitt:collection.241,
pitt:31735060396185,pitt:collection.241,
pitt:00ahu3455m,pitt:collection.241,
pitt:00adc0927m,pitt:collection.241,
pitt:00a422900m,pitt:collection.241,
pitt:00awn8125m,pitt:collection.241,
pitt:12hc03169s,pitt:collection.241,
pitt:31735051649873,pitt:collection.241,
pitt:31735051649832,pitt:collection.241,
pitt:31735056290509,pitt:collection.241,
pitt:00hc17538m,pitt:collection.241,
pitt:31735037840182,pitt:collection.241,
pitt:00ajx1702m,pitt:collection.241,
pitt:00aft2833m,pitt:collection.241,
pitt:00ajx1703m,pitt:collection.241,
pitt:00agc2223m,pitt:collection.241,
pitt:02b825470m,pitt:collection.241,
pitt:01b825470m,pitt:collection.241,
pitt:31735051653438,pitt:collection.241,
pitt:00acx7787m,pitt:collection.241,
pitt:31735064533031,pitt:collection.241,
pitt:31735051652182,pitt:collection.241,
pitt:31735051651879,pitt:collection.241,
pitt:31735051652240,pitt:collection.241,
pitt:00awn7796m,pitt:collection.241,
pitt:31735051650830,pitt:collection.241,
pitt:31735051650871,pitt:collection.241,
pitt:00aah9355m,pitt:collection.241,
pitt:00c577443m,pitt:collection.241,
pitt:00c568226m,pitt:collection.241,
pitt:00abv4381m,pitt:collection.241,
pitt:00avd2227m,pitt:collection.241,
pitt:00akc7580m,pitt:collection.241,
pitt:31735051650020,pitt:collection.241,
pitt:00aep1908m,pitt:collection.241,
pitt:31735051650095,pitt:collection.241,
pitt:31735051651176,pitt:collection.241,
pitt:00ajy4937m,pitt:collection.241,
pitt:00d110546m,pitt:collection.241,
pitt:00afv5690m,pitt:collection.241,
pitt:00c625511m,pitt:collection.241,
pitt:31735051650285,pitt:collection.241,
pitt:00acd0274m,pitt:collection.241,
pitt:00z834797m,pitt:collection.241,
pitt:31735056286952,pitt:collection.241,
pitt:00a383802m,pitt:collection.241,
pitt:01ajz8387s,pitt:collection.241,
pitt:31735051653313,pitt:collection.241,
pitt:31735062208412,pitt:collection.241,
pitt:00aee8104m,pitt:collection.241,
pitt:31735066874409,pitt:collection.32,
pitt:31735066874508,pitt:collection.32,
pitt:31735066874557,pitt:collection.32,
pitt:31735066874540,pitt:collection.32,
pitt:31735066874490,pitt:collection.32,
pitt:31735066874441,pitt:collection.32,
pitt:31735066874417,pitt:collection.32,
pitt:31735066874458,pitt:collection.32,
pitt:31735066874466,pitt:collection.32,
pitt:31735066874516,pitt:collection.32,
pitt:31735066874375,pitt:collection.32,
pitt:31735066874433,pitt:collection.32,
pitt:31735066874532,pitt:collection.32,
pitt:31735066874482,pitt:collection.32,
pitt:31735066874383,pitt:collection.32,
pitt:31735066874573,pitt:collection.32,
pitt:31735066874425,pitt:collection.32,
pitt:31735066874474,pitt:collection.32,
pitt:31735066874565,pitt:collection.32,
pitt:31735066874524,pitt:collection.32,
pitt:31735066872924,pitt:collection.32,
pitt:31735066874243,pitt:collection.32,
pitt:31735066873369,pitt:collection.32,
pitt:31735066872684,pitt:collection.32,
pitt:31735066873112,pitt:collection.32,
pitt:31735066874094,pitt:collection.32,
pitt:31735066873724,pitt:collection.32,
pitt:31735066873773,pitt:collection.32,
pitt:31735066873740,pitt:collection.32,
pitt:31735066874193,pitt:collection.32,
pitt:31735066873906,pitt:collection.32,
pitt:31735066873542,pitt:collection.32,
pitt:31735066873211,pitt:collection.32,
pitt:31735066873690,pitt:collection.32,
pitt:31735066873237,pitt:collection.32,
pitt:31735066872775,pitt:collection.32,
pitt:31735066873062,pitt:collection.32,
pitt:31735066872890,pitt:collection.32,
pitt:31735066873716,pitt:collection.32,
pitt:31735066873781,pitt:collection.32,
pitt:31735066873989,pitt:collection.32,
pitt:31735066873286,pitt:collection.32,
pitt:31735066873880,pitt:collection.32,
pitt:31735066874128,pitt:collection.32,
pitt:31735066873476,pitt:collection.32,
pitt:31735066873203,pitt:collection.32,
pitt:31735066873518,pitt:collection.32,
pitt:31735066873492,pitt:collection.32,
pitt:31735066873971,pitt:collection.32,
pitt:31735066874045,pitt:collection.32,
pitt:31735066873500,pitt:collection.32,
pitt:31735066873955,pitt:collection.32,
pitt:31735066873021,pitt:collection.32,
pitt:31735066873930,pitt:collection.32,
pitt:31735066873161,pitt:collection.32,
pitt:31735066874060,pitt:collection.32,
pitt:31735066874235,pitt:collection.32,
pitt:31735066873872,pitt:collection.32,
pitt:31735066872676,pitt:collection.32,
pitt:31735066873591,pitt:collection.32,
pitt:31735066873864,pitt:collection.32,
pitt:31735066874367,pitt:collection.32,
pitt:31735066873195,pitt:collection.32,
pitt:31735066873088,pitt:collection.32,
pitt:31735066873849,pitt:collection.32,
pitt:31735066873070,pitt:collection.32,
pitt:31735066873419,pitt:collection.32,
pitt:31735066873104,pitt:collection.32,
pitt:31735066873401,pitt:collection.32,
pitt:31735066873617,pitt:collection.32,
pitt:31735066873385,pitt:collection.32,
pitt:31735066874110,pitt:collection.32,
pitt:31735066873393,pitt:collection.32,
pitt:31735066873807,pitt:collection.32,
pitt:31735066872650,pitt:collection.32,
pitt:31735066873294,pitt:collection.32,
pitt:31735066873948,pitt:collection.32,
pitt:31735066874136,pitt:collection.32,
pitt:31735066873138,pitt:collection.32,
pitt:31735066872791,pitt:collection.32,
pitt:31735066872569,pitt:collection.32,
pitt:31735066873674,pitt:collection.32,
pitt:31735066873682,pitt:collection.32,
pitt:31735066873575,pitt:collection.32,
pitt:31735066874102,pitt:collection.32,
pitt:31735066873583,pitt:collection.32,
pitt:31735066872908,pitt:collection.32,
pitt:31735066873047,pitt:collection.32,
pitt:31735066873427,pitt:collection.32,
pitt:31735066874250,pitt:collection.32,
pitt:31735066872544,pitt:collection.32,
pitt:31735066873435,pitt:collection.32,
pitt:31735066874219,pitt:collection.32,
pitt:31735066874276,pitt:collection.32,
pitt:31735066874326,pitt:collection.32,
pitt:31735066873484,pitt:collection.32,
pitt:31735066873526,pitt:collection.32,
pitt:31735066873625,pitt:collection.32,
pitt:31735066874318,pitt:collection.32,
pitt:31735066873567,pitt:collection.32,
pitt:31735066874052,pitt:collection.32,
pitt:31735066873377,pitt:collection.32,
pitt:31735066872783,pitt:collection.32,
pitt:31735066873708,pitt:collection.32,
pitt:31735066873963,pitt:collection.32,
pitt:31735066873054,pitt:collection.32,
pitt:31735066873245,pitt:collection.32,
pitt:31735066873914,pitt:collection.32,
pitt:31735066873302,pitt:collection.32,
pitt:31735066873799,pitt:collection.32,
pitt:31735066874185,pitt:collection.32,
pitt:31735066873658,pitt:collection.32,
pitt:31735066873666,pitt:collection.32,
pitt:31735066873609,pitt:collection.32,
pitt:31735066873823,pitt:collection.32,
pitt:31735066873328,pitt:collection.32,
pitt:31735066873179,pitt:collection.32,
pitt:31735066874227,pitt:collection.32,
pitt:31735066873765,pitt:collection.32,
pitt:31735066874151,pitt:collection.32,
pitt:31735066874144,pitt:collection.32,
pitt:31735066873096,pitt:collection.32,
pitt:31735066873922,pitt:collection.32,
pitt:31735066873559,pitt:collection.32,
pitt:31735066873815,pitt:collection.32,
pitt:31735066873120,pitt:collection.32,
pitt:31735066873641,pitt:collection.32,
pitt:31735066874078,pitt:collection.32,
pitt:31735066874037,pitt:collection.32,
pitt:31735066873013,pitt:collection.32,
pitt:31735066873229,pitt:collection.32,
pitt:31735066874334,pitt:collection.32,
pitt:31735066874003,pitt:collection.32,
pitt:31735066873344,pitt:collection.32,
pitt:31735066873310,pitt:collection.32,
pitt:31735066873468,pitt:collection.32,
pitt:31735066874011,pitt:collection.32,
pitt:31735066872809,pitt:collection.32,
pitt:31735066873831,pitt:collection.32,
pitt:31735066873187,pitt:collection.32,
pitt:31735066873633,pitt:collection.32,
pitt:31735066874292,pitt:collection.32,
pitt:31735066874177,pitt:collection.32,
pitt:31735066873732,pitt:collection.32,
pitt:31735066874268,pitt:collection.32,
pitt:31735066873443,pitt:collection.32,
pitt:31735066873856,pitt:collection.32,
pitt:31735066874284,pitt:collection.32,
pitt:31735066872551,pitt:collection.32,
pitt:31735066873997,pitt:collection.32,
pitt:31735066873757,pitt:collection.32,
pitt:31735066873146,pitt:collection.32,
pitt:31735066873450,pitt:collection.32,
pitt:31735066874300,pitt:collection.32,
pitt:31735066873153,pitt:collection.32,
pitt:31735066873534,pitt:collection.32,
pitt:31735066874201,pitt:collection.32,
pitt:31735066874169,pitt:collection.32,
pitt:31735066874029,pitt:collection.32,
pitt:31735066873039,pitt:collection.32,
pitt:31735066874342,pitt:collection.32,
pitt:31735066873898,pitt:collection.32,
pitt:31735066873278,pitt:collection.32,
pitt:31735066873351,pitt:collection.32,
pitt:31735066872916,pitt:collection.32,
pitt:31735066873336,pitt:collection.32,
pitt:31735066873260,pitt:collection.32,
pitt:31735066874086,pitt:collection.32,
pitt:31735066873252,pitt:collection.32,
pitt:00afs4647m,pitt:collection.241,
pitt:31735051649311,pitt:collection.241,
pitt:00avl7534m,pitt:collection.241,
pitt:04awn8098s,pitt:collection.241,
pitt:00acq2601m,pitt:collection.241,
pitt:00hc14188m,pitt:collection.241,
pitt:31735056290236,pitt:collection.241,
pitt:31735037682410,pitt:collection.241,
pitt:31735037682451,pitt:collection.241,
pitt:31735037682378,pitt:collection.241,
pitt:31735051650558,pitt:collection.241,
pitt:31735051650749,pitt:collection.241,
pitt:31735051650004,pitt:collection.241,
pitt:00aby2054m,pitt:collection.241,
pitt:00awk9205m,pitt:collection.241,
pitt:31735060490624,pitt:collection.241,
pitt:00agd7274m,pitt:collection.241,
pitt:31735056286622,pitt:collection.241,
pitt:31735051652158,pitt:collection.241,
pitt:31735051651937,pitt:collection.241,
pitt:31735051652497,pitt:collection.241,
pitt:31735051652281,pitt:collection.241,
pitt:31735051653479,pitt:collection.241,
pitt:31735056290715,pitt:collection.241,
pitt:31735051651168,pitt:collection.241,
pitt:31735056290707,pitt:collection.241,
pitt:31735056286861,pitt:collection.241,
pitt:00c585214m,pitt:collection.241,
pitt:31735051652323,pitt:collection.241,
pitt:31735051652364,pitt:collection.241,
pitt:31735051652224,pitt:collection.241,
pitt:31735051650509,pitt:collection.241,
pitt:31735051652117,pitt:collection.241,
pitt:00hc13553m,pitt:collection.241,
pitt:00awn7805m,pitt:collection.241,
pitt:31735056288461,pitt:collection.241,
pitt:31735056288487,pitt:collection.241,
pitt:31735056287968,pitt:collection.241,
pitt:31735056288271,pitt:collection.241,
pitt:05ake2255m,pitt:collection.241,
pitt:00awn8133m,pitt:collection.241,
pitt:31735056287000,pitt:collection.241,
pitt:00aam5339m,pitt:collection.241,
pitt:00hc15302m,pitt:collection.241,
pitt:31735056291010,pitt:collection.241,
pitt:31735051651598,pitt:collection.241,
pitt:00akf3168m,pitt:collection.241,
pitt:00aef6952m,pitt:collection.241,
pitt:00awn8211m,pitt:collection.241,
pitt:00afh9610m,pitt:collection.241,
pitt:00z600962m,pitt:collection.241,
pitt:31735051650087,pitt:collection.241,
pitt:00afj0331m,pitt:collection.241,
pitt:00c828241m,pitt:collection.241,
pitt:00acl4268m,pitt:collection.241,
pitt:00awn7785m,pitt:collection.241,
pitt:00afv0556m,pitt:collection.241,
pitt:00akc2513m,pitt:collection.241,
pitt:31735051653594,pitt:collection.241,
pitt:00aee5968m,pitt:collection.241,
pitt:31735051649931,pitt:collection.241,
pitt:31735056289931,pitt:collection.241,
pitt:31735056290079,pitt:collection.241,
pitt:31735056288123,pitt:collection.241,
pitt:00afq1249m,pitt:collection.241,
pitt:31735051653230,pitt:collection.241,
pitt:01agd3060m,pitt:collection.241,
pitt:00afx7845m,pitt:collection.241,
pitt:00ake5283m,pitt:collection.241,
pitt:15awn7811s,pitt:collection.241,
pitt:31735056290483,pitt:collection.241,
pitt:31735051652141,pitt:collection.241,
pitt:00acd3036m,pitt:collection.241,
pitt:00aer1566m,pitt:collection.241,
pitt:00aee8326m,pitt:collection.241,
pitt:00akc2154m,pitt:collection.241,
pitt:31735051653180,pitt:collection.241,
pitt:00a312177m,pitt:collection.241,
pitt:00z836437m,pitt:collection.241,
pitt:31735051653420,pitt:collection.241,
pitt:00c554053m,pitt:collection.241,
pitt:00hc07443m,pitt:collection.241,
pitt:00aee8917m,pitt:collection.241,
pitt:00afs4555m,pitt:collection.241,
pitt:00c679554m,pitt:collection.241,
pitt:00afu6345m,pitt:collection.241,
pitt:00afs1000m,pitt:collection.241,
pitt:00awn7761m,pitt:collection.241,
pitt:31735051650822,pitt:collection.241,
pitt:31735051650038,pitt:collection.241,
pitt:31735056288438,pitt:collection.241,
pitt:00a069919m,pitt:collection.241,
pitt:31735051650152,pitt:collection.241,
pitt:00hc17561m,pitt:collection.241,
pitt:00agc4820m,pitt:collection.241,
pitt:00awn7814m,pitt:collection.241,
pitt:00agc4597m,pitt:collection.241,
pitt:00afs0982m,pitt:collection.241,
pitt:31735056290111,pitt:collection.241,
pitt:31735056290152,pitt:collection.241,
pitt:02hc05842m,pitt:collection.241,
pitt:03hc05842m,pitt:collection.241,
pitt:01hc05842m,pitt:collection.241,
pitt:02aee8434m,pitt:collection.241,
pitt:01aee8434m,pitt:collection.241,
pitt:03aee8434m,pitt:collection.241,
pitt:00ade8565m,pitt:collection.241,
pitt:31735056286788,pitt:collection.241,
pitt:31735056287117,pitt:collection.241,
pitt:00hc08553m,pitt:collection.241,
pitt:00awn8187m,pitt:collection.241,
pitt:00aee9518m,pitt:collection.241,
pitt:00agb5351m,pitt:collection.241,
pitt:31735064534039,pitt:collection.241,
pitt:31735064533916,pitt:collection.241,
pitt:00hc02810m,pitt:collection.241,
pitt:31735038277665,pitt:collection.241,
pitt:31735064533957,pitt:collection.241,
pitt:31735051651028,pitt:collection.241,
pitt:31735051649261,pitt:collection.241,
pitt:31735051653115,pitt:collection.241,
pitt:31735051653354,pitt:collection.241,
pitt:31735051650780,pitt:collection.241,
pitt:31735051651689,pitt:collection.241,
pitt:31735051651929,pitt:collection.241,
pitt:31735051651275,pitt:collection.241,
pitt:31735056290913,pitt:collection.241,
pitt:31735051651127,pitt:collection.241,
pitt:31735051651242,pitt:collection.241,
pitt:31735051651960,pitt:collection.241,
pitt:31735051650236,pitt:collection.241,
pitt:31735051653552,pitt:collection.241,
pitt:00a895438m,pitt:collection.241,
pitt:00afh9870m,pitt:collection.241,
pitt:31735056290905,pitt:collection.241,
pitt:31735051649972,pitt:collection.241,
pitt:31735051650178,pitt:collection.241,
pitt:00z992749m,pitt:collection.241,
pitt:00c577489m,pitt:collection.241,
pitt:00acb9151m,pitt:collection.241,
pitt:00akw1039m,pitt:collection.241,
pitt:00akc2510m,pitt:collection.241,
pitt:07acd0134m,pitt:collection.241,
pitt:31735056290129,pitt:collection.241,
pitt:00hc05616m,pitt:collection.241,
pitt:00awk9111m,pitt:collection.241,
pitt:31735051653107,pitt:collection.241,
pitt:00agb2151m,pitt:collection.241,
pitt:00awg8618m,pitt:collection.241,
pitt:00aee0525m,pitt:collection.241,
pitt:31735051652984,pitt:collection.241,
pitt:31735051650392,pitt:collection.241,
pitt:00hc07093m,pitt:collection.241,
pitt:31735033432497,pitt:collection.241,
pitt:31735056290996,pitt:collection.241,
pitt:00agc4806m,pitt:collection.241,
pitt:00aee8941m,pitt:collection.241,
pitt:00awn7880m,pitt:collection.241,
pitt:00z838213m,pitt:collection.241,
pitt:00ajt4999m,pitt:collection.241,
pitt:31735056287208,pitt:collection.241,
pitt:31735056286994,pitt:collection.241,
pitt:31735051650046,pitt:collection.241,
pitt:31735056290145,pitt:collection.241,
pitt:31735056287034,pitt:collection.241,
pitt:31735051649584,pitt:collection.241,
pitt:31735053221911,pitt:collection.241,
pitt:31735056290525,pitt:collection.241,
pitt:31735044599243,pitt:collection.241,pitt:collection.75
pitt:31735044599201,pitt:collection.241,pitt:collection.75
pitt:31735044599235,pitt:collection.241,pitt:collection.75
pitt:00aee8639m,pitt:collection.241,
pitt:00afq9167m,pitt:collection.241,
pitt:00afu7478m,pitt:collection.241,
pitt:02hc06126m,pitt:collection.241,
pitt:01hc06126m,pitt:collection.241,
pitt:31735056290301,pitt:collection.241,
pitt:00acc2459m,pitt:collection.241,
pitt:00afq5337m,pitt:collection.241,
pitt:00aft2784m,pitt:collection.241,
pitt:31735060489535,pitt:collection.241,
pitt:00hc08593m,pitt:collection.241,
pitt:31735064533239,pitt:collection.241,
pitt:00adb7170m,pitt:collection.241,
pitt:31735064533155,pitt:collection.241,
pitt:00awn7767m,pitt:collection.241,
pitt:00adm7012m,pitt:collection.241,
pitt:31735064533882,pitt:collection.241,
pitt:00adc8925m,pitt:collection.241,
pitt:00aee7261m,pitt:collection.241,
pitt:31735055723013,pitt:collection.241,
pitt:05aee9405m,pitt:collection.241,
pitt:02aee9405m,pitt:collection.241,
pitt:01aee9405m,pitt:collection.241,
pitt:03aee9405m,pitt:collection.241,
pitt:04aee9405m,pitt:collection.241,
pitt:31735051651853,pitt:collection.241,
pitt:00hc04092m,pitt:collection.241,
pitt:31735044599169,pitt:collection.241,pitt:collection.75
pitt:00aav6943m,pitt:collection.241,pitt:collection.75
pitt:00ajq9879m,pitt:collection.241,
pitt:31735056287190,pitt:collection.241,
pitt:00afu1888m,pitt:collection.241,
pitt:00aga8651m,pitt:collection.241,
pitt:00a065535m,pitt:collection.241,
pitt:31735044598880,pitt:collection.241,pitt:collection.75
pitt:31735044598849,pitt:collection.241,pitt:collection.75
pitt:31735064533999,pitt:collection.241,
pitt:31735064533965,pitt:collection.241,pitt:collection.75
pitt:31735056287042,pitt:collection.241,
pitt:00aee8080m,pitt:collection.241,
pitt:00awn7752m,pitt:collection.241,
pitt:31735056289972,pitt:collection.241,
pitt:31735056290681,pitt:collection.241,
pitt:00hc12043m,pitt:collection.241,
pitt:31735064533114,pitt:collection.241,
pitt:00agb0479m,pitt:collection.241,
pitt:31735056287950,pitt:collection.241,
pitt:00age9473m,pitt:collection.241,
pitt:00afh9986m,pitt:collection.241,
pitt:31735056290400,pitt:collection.241,
pitt:00hc05183m,pitt:collection.241,
pitt:00atf7621m,pitt:collection.241,
pitt:31735044598765,pitt:collection.241,pitt:collection.75
pitt:31735056288073,pitt:collection.241,
pitt:31735056288347,pitt:collection.241,
pitt:31735044599045,pitt:collection.241,pitt:collection.75
pitt:31735044598807,pitt:collection.241,pitt:collection.75
pitt:00adc2931m,pitt:collection.241,
pitt:00hc09549m,pitt:collection.241,
pitt:00aft0809m,pitt:collection.241,
pitt:31735056289857,pitt:collection.241,
pitt:31735056288404,pitt:collection.241,
pitt:31735056290251,pitt:collection.241,
pitt:00aee9167m,pitt:collection.241,
pitt:31735056288081,pitt:collection.241,
pitt:31735044599086,pitt:collection.241,pitt:collection.75
pitt:31735044599128,pitt:collection.241,pitt:collection.75
pitt:31735044598922,pitt:collection.241,pitt:collection.75
pitt:31735044598963,pitt:collection.241,pitt:collection.75
pitt:00c585210m,pitt:collection.241,
pitt:00afh9773m,pitt:collection.241,
pitt:00ack1244m,pitt:collection.241,
pitt:31735056290491,pitt:collection.241,
pitt:00hc17099m,pitt:collection.241,
pitt:31735060490749,pitt:collection.241,
pitt:31735060490707,pitt:collection.241,
pitt:00aee9358m,pitt:collection.241,
pitt:31735051650160,pitt:collection.241,
pitt:31735051650947,pitt:collection.241,
pitt:31735051652539,pitt:collection.241,
pitt:31735051652570,pitt:collection.241,
pitt:31735051652208,pitt:collection.241,
pitt:31735051651846,pitt:collection.241,
pitt:31735051651804,pitt:collection.241,
pitt:31735051653305,pitt:collection.241,
pitt:31735056290673,pitt:collection.241,
pitt:00hc12053m,pitt:collection.241,
pitt:00aee8733m,pitt:collection.241,
pitt:00are1873m,pitt:collection.241,
pitt:00ajs9834m,pitt:collection.241,
pitt:00ack2602m,pitt:collection.241,
pitt:31735051650384,pitt:collection.241,
pitt:31735051649220,pitt:collection.241,
pitt:31735051651440,pitt:collection.241,
pitt:31735056290210,pitt:collection.241,
pitt:31735056290533,pitt:collection.241,
pitt:31735033431747,pitt:collection.241,
pitt:31735056288263,pitt:collection.241,
pitt:31735056288511,pitt:collection.241,
pitt:31735037839291,pitt:collection.241,
pitt:00awb2090m,pitt:collection.241,
pitt:31735056290970,pitt:collection.241,
pitt:31735056290202,pitt:collection.241,
pitt:31735051651457,pitt:collection.241,
pitt:00hc04928m,pitt:collection.241,
pitt:00acr3490m,pitt:collection.241,
pitt:31735033432307,pitt:collection.241,
pitt:31735051651770,pitt:collection.241,
pitt:00aft2795m,pitt:collection.241,
pitt:00aee6163m,pitt:collection.241,
pitt:31735051651515,pitt:collection.241,
pitt:31735051652018,pitt:collection.241,
pitt:00akd8880m,pitt:collection.241,
pitt:00c867671m,pitt:collection.241,
pitt:31735051649865,pitt:collection.241,
pitt:31735039973577,pitt:collection.241,
pitt:00add0076m,pitt:collection.241,
pitt:00aft2735m,pitt:collection.241,
pitt:00aed9799m,pitt:collection.241,
pitt:31735051652331,pitt:collection.241,
pitt:00avb0408m,pitt:collection.241,
pitt:00a084975m,pitt:collection.241,
pitt:00agb3707m,pitt:collection.241,
pitt:31735051650640,pitt:collection.241,
pitt:00hc06822m,pitt:collection.241,
pitt:31735056290590,pitt:collection.241,
pitt:00afx7796m,pitt:collection.241,
pitt:31735066244397,pitt:collection.241,
pitt:31735066244371,pitt:collection.241,
pitt:31735066244389,pitt:collection.241,
pitt:31735066229653,pitt:collection.241,
pitt:00agc6527m,pitt:collection.241,
pitt:00d110545m,pitt:collection.241,
pitt:00adj9508m,pitt:collection.241,
pitt:00c679509m,pitt:collection.241,
pitt:00c953428m,pitt:collection.241,
pitt:00add2400m,pitt:collection.241,
pitt:00agb5560m,pitt:collection.241,
pitt:10asc0723s,pitt:collection.241,
pitt:31735056290053,pitt:collection.241,
pitt:31735051650475,pitt:collection.241,
pitt:31735051649626,pitt:collection.241,
pitt:31735056290368,pitt:collection.241,
pitt:00awn8148m,pitt:collection.241,
pitt:00add0427m,pitt:collection.241,
pitt:00hc02329m,pitt:collection.241,
pitt:31735051650400,pitt:collection.241,
pitt:00hc12174m,pitt:collection.241,
pitt:00ach1155m,pitt:collection.241,
pitt:31735056289816,pitt:collection.241,
pitt:00c867675m,pitt:collection.241,
pitt:00c595180m,pitt:collection.241,
pitt:31735064533924,pitt:collection.241,
pitt:31735051650186,pitt:collection.241,
pitt:02awn7753m,pitt:collection.241,
pitt:01awn7753m,pitt:collection.241,
pitt:31735056286820,pitt:collection.241,
pitt:31735056288305,pitt:collection.241,
pitt:31735056289733,pitt:collection.241,
pitt:00adc3632m,pitt:collection.241,
pitt:00acc0623m,pitt:collection.241,
pitt:00akj0016m,pitt:collection.241,
pitt:31735051649386,pitt:collection.241,
pitt:31735056288008,pitt:collection.241,
pitt:00c679541m,pitt:collection.241,
pitt:31735056290699,pitt:collection.241,
pitt:31735056290731,pitt:collection.241,
pitt:00ajr2567m,pitt:collection.241,
pitt:31735056288222,pitt:collection.241,
pitt:02atu8020s,pitt:collection.241,
pitt:00c585362m,pitt:collection.241,
pitt:31735051651010,pitt:collection.241,
pitt:00awk9128m,pitt:collection.241,
pitt:00aee8766m,pitt:collection.241,
pitt:31735056290764,pitt:collection.241,
pitt:00d079566m,pitt:collection.241,
pitt:31735051650913,pitt:collection.241,
pitt:31735051650954,pitt:collection.241,
pitt:31735051650996,pitt:collection.241,
pitt:31735044939738,pitt:collection.241,
pitt:01ajy9596s,pitt:collection.241,
pitt:00aay1049m,pitt:collection.241,
pitt:00abh1314m,pitt:collection.241,
pitt:00afq5341m,pitt:collection.241,
pitt:00aft2763m,pitt:collection.241,
pitt:00aeu9978m,pitt:collection.241,
pitt:31735056290772,pitt:collection.241,
pitt:00aed9822m,pitt:collection.241,
pitt:00a095350m,pitt:collection.241,
pitt:31735051652695,pitt:collection.241,
pitt:00aef6269m,pitt:collection.241,
pitt:00age8892m,pitt:collection.241,
pitt:00acc3285m,pitt:collection.241,
pitt:31735051651762,pitt:collection.241,
pitt:00aee6473m,pitt:collection.241,
pitt:31735056288289,pitt:collection.241,
pitt:31735051652216,pitt:collection.241,
pitt:31735038308866,pitt:collection.241,
pitt:00c577467m,pitt:collection.241,
pitt:00aqp8827m,pitt:collection.241,
pitt:03aaw3537m,pitt:collection.241,
pitt:01aaw3537m,pitt:collection.241,
pitt:00adv9986m,pitt:collection.241,
pitt:31735054926278,pitt:collection.241,
pitt:00acf4092m,pitt:collection.241,
pitt:00afr5059m,pitt:collection.241,
pitt:00hc03930m,pitt:collection.241,
pitt:00adc1914m,pitt:collection.241,
pitt:00c679528m,pitt:collection.241,
pitt:00hc06847m,pitt:collection.241,
pitt:00awk9202m,pitt:collection.241,
pitt:01aef7623m,pitt:collection.241,
pitt:31735051651713,pitt:collection.241,
pitt:31735051650079,pitt:collection.241,
pitt:31735052562307,pitt:collection.241,
pitt:31735056290194,pitt:collection.241,
pitt:31735066244405,pitt:collection.241,
pitt:00aga8934m,pitt:collection.241,
pitt:00aah1813m,pitt:collection.241,
pitt:00ach0126m,pitt:collection.241,
pitt:00aef7156m,pitt:collection.241,
pitt:31735060444753,pitt:collection.241,
pitt:31735051651325,pitt:collection.241,
pitt:31735051650582,pitt:collection.241,
pitt:31735051650988,pitt:collection.241,
pitt:31735051652612,pitt:collection.241,
pitt:31735051652455,pitt:collection.241,
pitt:31735051651317,pitt:collection.241,
pitt:15acu4197s,pitt:collection.241,
pitt:00hc17219m,pitt:collection.241,
pitt:31735051649774,pitt:collection.241,
pitt:31735051651523,pitt:collection.241,
pitt:00awn8200m,pitt:collection.241,
pitt:31735060432360,pitt:collection.241,
pitt:00add0707m,pitt:collection.241,
pitt:00afh5490m,pitt:collection.241,
pitt:31735051652356,pitt:collection.241,
pitt:00awn8128m,pitt:collection.241,
pitt:00afv5723m,pitt:collection.241,
pitt:31735051649998,pitt:collection.241,
pitt:00akq0872m,pitt:collection.241,
pitt:00acy0484m,pitt:collection.241,
pitt:31735056288206,pitt:collection.241,
pitt:31735056288248,pitt:collection.241,
pitt:31735056289188,pitt:collection.241,
pitt:31735051651044,pitt:collection.241,
pitt:31735051650228,pitt:collection.241,
pitt:00aee8779m,pitt:collection.241,
pitt:31735051651051,pitt:collection.241,
pitt:00adc9703m,pitt:collection.241,
pitt:00hc03227m,pitt:collection.241,
pitt:00aee6760m,pitt:collection.241,
pitt:00awn8188m,pitt:collection.241,
pitt:31735056290319,pitt:collection.241,
pitt:14a386073s,pitt:collection.241,
pitt:00hc03945m,pitt:collection.241,
pitt:31735051651556,pitt:collection.241,
pitt:00awk9206m,pitt:collection.241,
pitt:31735056286812,pitt:collection.241,
pitt:31735056286614,pitt:collection.241,
pitt:31735056287026,pitt:collection.241,
pitt:31735056287141,pitt:collection.241,
pitt:31735056287067,pitt:collection.241,
pitt:31735056286853,pitt:collection.241,
pitt:31735056286697,pitt:collection.241,
pitt:31735056286739,pitt:collection.241,
pitt:31735056286770,pitt:collection.241,
pitt:31735056287224,pitt:collection.241,
pitt:31735056287109,pitt:collection.241,
pitt:31735056287182,pitt:collection.241,
pitt:31735056286986,pitt:collection.241,
pitt:31735056286655,pitt:collection.241,
pitt:31735056286945,pitt:collection.241,
pitt:31735056286903,pitt:collection.241,
pitt:00afv5642m,pitt:collection.241,
pitt:00hc12051m,pitt:collection.241,
pitt:00a376990m,pitt:collection.241,
pitt:31735056289907,pitt:collection.241,
pitt:31735056289865,pitt:collection.241,
pitt:31735037838780,pitt:collection.241,
pitt:31735037838822,pitt:collection.241,
pitt:31735056289949,pitt:collection.241,
pitt:31735037838863,pitt:collection.241,
pitt:31735056290020,pitt:collection.241,
pitt:31735037838707,pitt:collection.241,
pitt:31735056290061,pitt:collection.241,
pitt:31735056289980,pitt:collection.241,
pitt:31735037838749,pitt:collection.241,
pitt:00adq0384m,pitt:collection.241,
pitt:00awa1617m,pitt:collection.241,
pitt:31735051651358,pitt:collection.241,
pitt:31735056290558,pitt:collection.241,
pitt:00aep1324m,pitt:collection.241,
pitt:00acp6266m,pitt:collection.241,
pitt:04agf0269m,pitt:collection.241,
pitt:01agf0269m,pitt:collection.241,
pitt:05agf0269m,pitt:collection.241,
pitt:03agf0269m,pitt:collection.241,
pitt:02agf0269m,pitt:collection.241,
pitt:00aep1616m,pitt:collection.241,
pitt:00a895250m,pitt:collection.241,
pitt:31735056290038,pitt:collection.241,
pitt:31735051650343,pitt:collection.241,pitt:collection.75
pitt:23z902855s,pitt:collection.241,
pitt:22aep3676s,pitt:collection.241,
pitt:20z902855s,pitt:collection.241,
pitt:00aee8467m,pitt:collection.241,
pitt:31735054780030,pitt:collection.241,
pitt:31735051650608,pitt:collection.241,
pitt:31735051650566,pitt:collection.241,
pitt:00ads3430m,pitt:collection.241,
pitt:00afu1990m,pitt:collection.241,
pitt:00c585208m,pitt:collection.241,
pitt:31735051652315,pitt:collection.241,
pitt:00afu7810m,pitt:collection.241,
pitt:00hc03236m,pitt:collection.241,
pitt:31735051651630,pitt:collection.241,
pitt:31735051649907,pitt:collection.241,
pitt:01z526867s,pitt:collection.241,
pitt:31735051651432,pitt:collection.241,
pitt:31735051649329,pitt:collection.241,
pitt:31735051651234,pitt:collection.241,
pitt:00awn8103m,pitt:collection.241,
pitt:31735051650459,pitt:collection.241,
pitt:31735051652349,pitt:collection.241,
pitt:00afs4631m,pitt:collection.241,
pitt:00aed7077m,pitt:collection.241,
pitt:31735051650327,pitt:collection.241,
pitt:00afj0263m,pitt:collection.241,
pitt:31735056288479,pitt:collection.241,
pitt:31735051651747,pitt:collection.241,
pitt:31735051652166,pitt:collection.241,
pitt:00ace6823m,pitt:collection.241,
pitt:00afv8347m,pitt:collection.241,
pitt:31735056287240,pitt:collection.241,
pitt:31735051649543,pitt:collection.241,
pitt:31735056290178,pitt:collection.241,
pitt:00ake1735m,pitt:collection.241,
pitt:31735056290103,pitt:collection.241,
pitt:31735051649824,pitt:collection.241,
pitt:00ajp1604m,pitt:collection.241,
pitt:02awn7791s,pitt:collection.241,
pitt:31735056290160,pitt:collection.241,
pitt:00ach0329m,pitt:collection.241,
pitt:00acb9564m,pitt:collection.241,
pitt:31735051653156,pitt:collection.241,
pitt:31735056290921,pitt:collection.241,
pitt:31735056289899,pitt:collection.241,
pitt:00aee8865m,pitt:collection.241,
pitt:00hc02370m,pitt:collection.241,
pitt:00abh7574m,pitt:collection.241,
pitt:00hc14362m,pitt:collection.241,
pitt:00awk9203m,pitt:collection.241,
pitt:31735056290293,pitt:collection.241,
pitt:00hc17478m,pitt:collection.241,
pitt:00aaq5385m,pitt:collection.241,
pitt:00a930385m,pitt:collection.241,
pitt:31735056290541,pitt:collection.241,
pitt:03a374359m,pitt:collection.241,
pitt:02a374359m,pitt:collection.241,
pitt:01a374359m,pitt:collection.241,
pitt:31735056290442,pitt:collection.241,
pitt:31735056290244,pitt:collection.241,
pitt:00aek6163m,pitt:collection.241,
pitt:00d085600m,pitt:collection.241,
pitt:31735051649840,pitt:collection.241,
pitt:31735056290756,pitt:collection.241,
pitt:31735051651671,pitt:collection.241,
pitt:00avl7854m,pitt:collection.241,
pitt:00ag57013m,pitt:collection.241,
pitt:00a717350m,pitt:collection.241,
pitt:31735051649303,pitt:collection.241,
pitt:31735051651606,pitt:collection.241,
pitt:31735056287927,pitt:collection.241,
pitt:31735051650301,pitt:collection.241,
pitt:04ajz8400s,pitt:collection.241,
pitt:31735056288156,pitt:collection.241,
pitt:02afr2931m,pitt:collection.241,
pitt:31735056291028,pitt:collection.241,
pitt:00a303183m,pitt:collection.241,
pitt:01ajq6746s,pitt:collection.241,
pitt:02adb2503s,pitt:collection.241,
pitt:14c679552s,pitt:collection.241,
pitt:00aca0636m,pitt:collection.241,
pitt:31735044599052,pitt:collection.241,pitt:collection.75
pitt:00awg8599m,pitt:collection.241,
pitt:00hc14315m,pitt:collection.241,
pitt:31735051649675,pitt:collection.241,pitt:collection.58
pitt:31735051649683,pitt:collection.241,pitt:collection.58
pitt:31735051649642,pitt:collection.241,pitt:collection.58
pitt:31735051649717,pitt:collection.241,pitt:collection.58
pitt:31735051649444,pitt:collection.241,pitt:collection.58
pitt:31735051649436,pitt:collection.241,pitt:collection.58
pitt:31735051649725,pitt:collection.241,pitt:collection.58
pitt:31735051649477,pitt:collection.241,pitt:collection.58
pitt:31735051649394,pitt:collection.241,pitt:collection.58
pitt:31735051649634,pitt:collection.241,pitt:collection.58
pitt:31735051649360,pitt:collection.241,pitt:collection.58
pitt:31735051649808,pitt:collection.241,pitt:collection.58
pitt:31735051649766,pitt:collection.241,pitt:collection.58
pitt:31735051649758,pitt:collection.241,pitt:collection.58
pitt:31735051649592,pitt:collection.241,pitt:collection.58
pitt:31735051649485,pitt:collection.241,pitt:collection.58
pitt:31735051649402,pitt:collection.241,pitt:collection.58
pitt:31735051649527,pitt:collection.241,pitt:collection.58
pitt:31735051649519,pitt:collection.241,pitt:collection.58
pitt:31735051649550,pitt:collection.241,pitt:collection.58
pitt:31735051649568,pitt:collection.241,pitt:collection.58
pitt:31735051649600,pitt:collection.241,pitt:collection.58
pitt:31735051649790,pitt:collection.241,pitt:collection.58
pitt:00afr5226m,pitt:collection.241,
pitt:00ag43270m,pitt:collection.241,
pitt:31735051650145,pitt:collection.241,
pitt:31735056290632,pitt:collection.241,
pitt:31735051652125,pitt:collection.241,
pitt:31735051651366,pitt:collection.241,
pitt:31735051651226,pitt:collection.241,
pitt:31735051651184,pitt:collection.241,
pitt:00agd3011m,pitt:collection.241,
pitt:00agl8298m,pitt:collection.241,
pitt:00hc05255m,pitt:collection.241,
pitt:00acb5729m,pitt:collection.241,
pitt:00a028688m,pitt:collection.241,
pitt:00hc14502m,pitt:collection.241,
pitt:00agm7489m,pitt:collection.241,
pitt:00agc4072m,pitt:collection.241,
pitt:00z209631m,pitt:collection.241,
pitt:31735051645889,pitt:collection.241,
pitt:31735051650269,pitt:collection.241,pitt:collection.71
pitt:00c679529m,pitt:collection.241,
pitt:00hc04972m,pitt:collection.241,
pitt:31735056290855,pitt:collection.241,
pitt:00aht7517m,pitt:collection.241,pitt:collection.71
pitt:00a895485m,pitt:collection.241,pitt:collection.71
pitt:31735051650244,pitt:collection.241,
pitt:31735056291077,pitt:collection.241,
pitt:31735051651754,pitt:collection.241,
pitt:31735051651903,pitt:collection.241,
pitt:31735051652109,pitt:collection.241,
pitt:31735038309989,pitt:collection.241,
pitt:00aee9330m,pitt:collection.241,
pitt:31735056290459,pitt:collection.241,
pitt:31735056287166,pitt:collection.241,
pitt:31735056290723,pitt:collection.241,
pitt:31735056288503,pitt:collection.241,
pitt:31735056290186,pitt:collection.241,
pitt:00a027929m,pitt:collection.241,
pitt:31735051653024,pitt:collection.241,
pitt:31735033432737,pitt:collection.241,
pitt:31735056287125,pitt:collection.241,
pitt:31735056287083,pitt:collection.241,
pitt:01c679535s,pitt:collection.241,
pitt:00z994065m,pitt:collection.241,
pitt:31735051650905,pitt:collection.241,
pitt:31735056287232,pitt:collection.241,
pitt:31735051650061,pitt:collection.241,
pitt:31735056290954,pitt:collection.241,
pitt:00add0854m,pitt:collection.241,
pitt:00ade7723m,pitt:collection.241,
pitt:00c679523m,pitt:collection.241,
pitt:00awn8112m,pitt:collection.241,
pitt:31735051651150,pitt:collection.241,
pitt:31735051652414,pitt:collection.241,
pitt:31735064533270,pitt:collection.241,
pitt:31735051650467,pitt:collection.241,
pitt:00awk9200m,pitt:collection.241,
pitt:00agf6107m,pitt:collection.241,
pitt:00adw2917m,pitt:collection.241,
pitt:31735056288115,pitt:collection.241,
pitt:00awn7838m,pitt:collection.241,
pitt:00afh9656m,pitt:collection.241,
pitt:00anh8596m,pitt:collection.241,
pitt:00c585331m,pitt:collection.241,
pitt:31735051652000,pitt:collection.241,
pitt:31735051651648,pitt:collection.241,
pitt:31735051653511,pitt:collection.241,
pitt:31735051651812,pitt:collection.241,
pitt:31735051651408,pitt:collection.241,
pitt:31735051652174,pitt:collection.241,
pitt:00hc01976m,pitt:collection.241,
pitt:00aee9403m,pitt:collection.241,
pitt:00adw3599m,pitt:collection.241,
pitt:00add5677m,pitt:collection.241,
pitt:31735051652034,pitt:collection.241,
pitt:31735051651119,pitt:collection.241,
pitt:31735056288388,pitt:collection.241,
pitt:31735051651283,pitt:collection.241,
pitt:31735051651945,pitt:collection.241,
pitt:31735056290988,pitt:collection.241,
pitt:31735056290426,pitt:collection.241,
pitt:00avl7273m,pitt:collection.241,
pitt:31735056291051,pitt:collection.241,
pitt:31735051652273,pitt:collection.241,
pitt:31735051653198,pitt:collection.241,
pitt:31735051651952,pitt:collection.241,
pitt:31735051651994,pitt:collection.241,
pitt:31735051651895,pitt:collection.241,
pitt:31735051651911,pitt:collection.241,
pitt:31735051651788,pitt:collection.241,
pitt:31735051652133,pitt:collection.241,
pitt:31735051651721,pitt:collection.241,
pitt:31735051652075,pitt:collection.241,
pitt:31735051651861,pitt:collection.241,
pitt:31735051650350,pitt:collection.241,
pitt:00awn7771m,pitt:collection.241,
pitt:31735051650665,pitt:collection.241,
pitt:02acv7268s,pitt:collection.241,
pitt:00hc03974m,pitt:collection.241,
pitt:00acb7804m,pitt:collection.241,
pitt:00hc04979m,pitt:collection.241,
pitt:31735056288420,pitt:collection.241,
pitt:31735037840786,pitt:collection.241,
pitt:00agk8894m,pitt:collection.241,
pitt:31735055766921,pitt:collection.241,
pitt:00agc4777m,pitt:collection.241,
pitt:00awn8182m,pitt:collection.241,
pitt:00ace7952m,pitt:collection.241,
pitt:00awn7777m,pitt:collection.241,
pitt:31735051649881,pitt:collection.241,
pitt:00awk9215m,pitt:collection.241,
pitt:31735051650103,pitt:collection.241,
pitt:00acf3069m,pitt:collection.241,
pitt:00aew6933m,pitt:collection.241,
pitt:00aa83930m,pitt:collection.241,
pitt:00ag57011m,pitt:collection.241,
pitt:00agf4445m,pitt:collection.241,
pitt:00acf2620m,pitt:collection.241,
pitt:00afn5419m,pitt:collection.241,
pitt:31735051652091,pitt:collection.241,
pitt:31735056287158,pitt:collection.241,
pitt:00awn8124m,pitt:collection.241,
pitt:00c867676m,pitt:collection.241,
pitt:31735051650442,pitt:collection.241,
pitt:31735060491317,pitt:collection.241,
pitt:31735051650707,pitt:collection.241,
pitt:00add0682m,pitt:collection.241,
pitt:31735051651978,pitt:collection.241,
pitt:31735056290467,pitt:collection.241,
pitt:27awn8131m,pitt:collection.241,
pitt:31735051650517,pitt:collection.241,
pitt:01d041406s,pitt:collection.241,
pitt:00hc02383m,pitt:collection.241,
pitt:00awn8152m,pitt:collection.241,
pitt:31735051650541,pitt:collection.241,
pitt:00awk9119m,pitt:collection.241,
pitt:31735056290608,pitt:collection.241,
pitt:00z418503m,pitt:collection.241,
pitt:00afv8346m,pitt:collection.241,
pitt:31735051652653,pitt:collection.241,
pitt:31735051653636,pitt:collection.241,
pitt:31735051649980,pitt:collection.241,
pitt:31735038277012,pitt:collection.241,
pitt:31735051650624,pitt:collection.241,
pitt:00aee8379m,pitt:collection.241,
pitt:00hc08750m,pitt:collection.241,
pitt:31735051651820,pitt:collection.241,
pitt:00aee7940m,pitt:collection.241,
pitt:00acf2995m,pitt:collection.241,
pitt:00aah6674m,pitt:collection.241,
pitt:31735051650129,pitt:collection.241,
pitt:31735056290947,pitt:collection.241,
pitt:00aee8878m,pitt:collection.241,
pitt:00a098592m,pitt:collection.241,
pitt:31735051653149,pitt:collection.241,
pitt:00hc12052m,pitt:collection.241,
pitt:00z780839m,pitt:collection.241,
pitt:00hc08025m,pitt:collection.241,
pitt:00aee0051m,pitt:collection.241,
pitt:00aed9864m,pitt:collection.241,
pitt:00hc02396m,pitt:collection.241,
pitt:00agb7453m,pitt:collection.241,
pitt:31735051651192,pitt:collection.241,
pitt:31735051649816,pitt:collection.241,
pitt:00awk9210m,pitt:collection.241,
pitt:00aee0233m,pitt:collection.241,
pitt:31735056288164,pitt:collection.241,
pitt:00agb7019m,pitt:collection.241,
pitt:00a879123m,pitt:collection.241,
pitt:01aee7335m,pitt:collection.241,
pitt:02aee7335m,pitt:collection.241,
pitt:31735051649667,pitt:collection.241,
pitt:00adc8818m,pitt:collection.241,
pitt:31735051650194,pitt:collection.241,
pitt:00hc04992m,pitt:collection.241,
pitt:31735056290343,pitt:collection.241,
pitt:00z440570m,pitt:collection.241,
pitt:00ack1411m,pitt:collection.241,
pitt:31735064611308,pitt:collection.241,
pitt:00awn8170m,pitt:collection.241,
pitt:31735064534005,pitt:collection.241,
pitt:31735045580903,pitt:collection.241,
pitt:03awk9097s,pitt:collection.241,
pitt:31735051649949,pitt:collection.241,
pitt:31735056288198,pitt:collection.241,
pitt:31735051651390,pitt:collection.241,
pitt:31735051652059,pitt:collection.241,
